Stream,Current Degree,10th%,12th%,UG%,Backlog, Work Experience ,Placement Status
Science,BSc,100,70,71,No,No,Placed
Arts,BA,100,86,72,No,No,Placed
Arts,BA,100,86,73,Yes,No,Not Placed
Arts,BA,100,89.4,77.33,No,No,Placed
Science,BSc,100,93,66.67,No,Yes,Placed
Arts,BA,100,94,75,No,No,Placed
Arts,BA,100,94,72,Yes,No,Not Placed
Commerce,BCom,99.9,97.16,80.67,No,Yes,Placed
Science,BSc,98.88,82,79.28,Yes,Yes,Not Placed
Professional,BSW,98,78,70,No,No,Placed
Professional,BVoc,98,78,70,No,No,Placed
Science,BSc,98,85.6,85.74,No,No,Placed
Science,BSc,98,85.6,85.74,No,No,Placed
Arts,BA,98,90,78,Yes,No,Not Placed
Science,BSc,98,90.6,79.7,No,No,Placed
Commerce,BCom,98,97,69,No,Yes,Placed
Science,BSc,98,100,73.3,No,No,Placed
Commerce,BCom,97.9,89.7,56.7,Yes,No,Not Placed
Science,BSc,97.76,83,85.89,No,No,Placed
Science,BSc,97.36,82.42,62.6,No,No,Placed
Commerce,BCom,97.28,90,70.77,No,Yes,Placed
Commerce,BBA,97.28,94.8,74.17,Yes,No,Not Placed
Arts,BA,97,67,65,Yes,No,Not Placed
Science,BSc,97,77,75,No,No,Placed
Arts,BA,97,82,60,No,No,Placed
Arts,BA,97,86,62,No,No,Placed
Arts,BA,97,86,62,No,No,Placed
Arts,BA,97,86,62,No,No,Placed
Arts,BA,97,86,62,No,No,Placed
Science,BSc,97,89,59,No,No,Not Placed
Commerce,BBA,97,94,74.17,No,No,Placed
Science,BSc,96.96,81.33,79.615,No,No,Placed
Science,BSc,96.2,80.1,80,No,No,Placed
Science,BSc,96.2,92,81.83,No,No,Placed
Science,BSc,96.2,92,81.83,No,No,Placed
Science,BSc,96.16,63.5,64.54,Yes,No,Not Placed
Arts,BA,96,68,55,Yes,Yes,Not Placed
Science,BSc,96,68,57,No,No,Not Placed
Commerce,BBA,96,69,57,No,No,Not Placed
Arts,BA,96,70.16,63.4,Yes,Yes,Not Placed
Arts,BA,96,72,63,No,Yes,Not Placed
Arts,BA,96,73,63,No,Yes,Placed
Professional,BVoc,96,73,65,No,No,Placed
Professional,BVoc,96,74,60,Yes,No,Not Placed
Science,BSc,96,77,62.5,Yes,No,Not Placed
Science,BCA,96,80,80,No,No,Placed
Science,BCA,96,80,80,Yes,No,Not Placed
Arts,BA,96,88,63,No,No,Placed
Commerce,BCom,95.84,91.5,55,Yes,No,Not Placed
Commerce,BCom,95.84,91.5,54,Yes,No,Not Placed
Science,BSc,95.68,94.83,88.31,No,No,Placed
Science,BSc,95.68,94.83,88.31,Yes,No,Not Placed
Commerce,BCom,95.5,88,75.35,Yes,Yes,Not Placed
Science,BSc,95.5,95.2,84,No,No,Placed
Science,BSc,95.36,86.83,75.66,No,No,Placed
Science,BSc,95.36,86.83,75.66,Yes,No,Not Placed
Commerce,BCom,95.25,94,72,Yes,No,Not Placed
Science,BSc,95.2,89.16,80.51,No,Yes,Placed
Commerce,BCom,95.2,95,75,No,Yes,Placed
Science,BSc,95.17,85.17,70,No,Yes,Placed
Science,BSc,95.17,93.5,84.34,No,No,Placed
Science,BSc,95.16,93.5,84.52,No,No,Placed
Science,BCA,95.04,86.4,90.37,No,No,Placed
Science,BCA,95.04,86.5,90.37,No,No,Placed
Arts,BA,95,64.6,66,Yes,Yes,Not Placed
Science,BSc,95,76,58.9,Yes,No,Not Placed
Science,BSc,95,78,69.39,Yes,Yes,Not Placed
Science,BSc,95,80,69.86,No,Yes,Placed
Arts,BA,95,81.4,65.93,No,Yes,Placed
Arts,BA,95,81.4,65.93,Yes,No,Not Placed
Professional,BVoc,95,85,85,No,Yes,Placed
Professional,BVoc,95,85,85,No,No,Placed
Commerce,BCom,95,87,75,No,No,Placed
Science,BSc,95,89,67.02,Yes,Yes,Not Placed
Science,BSc,95,89.6,81,No,No,Placed
Commerce,BCom,95,89.7,65.3,Yes,No,Not Placed
Commerce,BCom,95,90,66,No,Yes,Placed
Science,BSc,95,90,80.61,Yes,No,Not Placed
Arts,BA,95,90,76,Yes,No,Not Placed
Arts,BA,95,90,59.26,No,No,Not Placed
Arts,BA,95,90.3,59.26,No,No,Not Placed
Arts,BA,95,90.8,80.73,No,No,Placed
Arts,BA,95,90.8,80.73,No,No,Placed
Science,BSc,95,91,68.46,Yes,Yes,Not Placed
Science,BSc,95,91.4,85,Yes,No,Placed
Science,BSc,95,92,66.67,No,Yes,Placed
Science,BSc,95,92,65,Yes,No,Not Placed
Arts,BA,95,92.4,70,Yes,Yes,Not Placed
Arts,BA,95,92.4,70,Yes,No,Not Placed
Commerce,BCom,95,93,80,Yes,No,Placed
Science,BSc,95,93.6,68.33,No,Yes,Placed
Arts,BA,95,94,76.46,No,No,Placed
Arts,BA,95,94,76.76,Yes,No,Not Placed
Arts,BA,95,94,76.46,Yes,No,Not Placed
Science,BSc,95,94.8,80.1,No,No,Placed
Commerce,BCom,95,95.4,75.6,No,No,Placed
Science,BSc,95,96,80,Yes,No,Not Placed
Commerce,BCom,95,97,70,No,No,Placed
Science,BSc,95,100,74.72,No,Yes,Placed
Commerce,BCom,94.83,96.67,88.44,Yes,No,Not Placed
Commerce,BCom,94.72,94.83,77.72,No,Yes,Placed
Science,BSc,94.6,91,82,Yes,No,Not Placed
Commerce,BCom,94.4,91,70.3,Yes,No,Not Placed
Commerce,BCom,94.4,91,66.5,Yes,No,Not Placed
Commerce,BCom,94.24,89.66,77.5,Yes,No,Not Placed
Commerce,BCom,94.2,86.66,63.28,No,Yes,Placed
Commerce,BCom,94.08,88.333,71.06,Yes,No,Not Placed
Science,BSc,94.08,90.5,80,No,No,Placed
Science,BSc,94.08,90.5,80.53,Yes,No,Not Placed
Commerce,BBA,94.08,94,80,No,No,Placed
Professional,BVoc,94,72,70,No,No,Not Placed
Science,BSc,94,80,55,Yes,No,Not Placed
Science,BSc,94,86,76.97,No,Yes,Placed
Science,BSc,94,87,77.22,No,No,Placed
Science,BSc,94,87,77,No,No,Placed
Science,BSc,94,88,72.2,No,No,Placed
Science,BSc,94,89,75,Yes,No,Not Placed
Commerce,BCom,94,90.5,74.33,Yes,Yes,Not Placed
Commerce,BCom,94,91,79.94,No,No,Placed
Commerce,BCom,94,91,79.94,Yes,No,Not Placed
Commerce,BCom,94,97,75,No,No,Placed
Science,BSc,94,97,85,Yes,Yes,Not Placed
Science,BSc,94,97,85,Yes,No,Not Placed
Science,BSc,93.67,90.17,85.39,No,No,Placed
Commerce,BCom,93.6,90.5,74.33,Yes,Yes,Not Placed
Commerce,BCom,93.6,92.1,70.33,No,No,Placed
Commerce,BCom,93.6,92.19,67.45,No,Yes,Placed
Science,BCA,93.5,68,80,No,No,Placed
Science,BSc,93.33,88,88,Yes,No,Placed
Science,BSc,93.33,88,85.89,No,No,Placed
Commerce,BCom,93.28,89.67,76.72,No,No,Placed
Commerce,BCom,93.12,91.5,77,Yes,No,Not Placed
Professional,BVoc,93.1,71.6,75.6,No,No,Placed
Commerce,BCom,93.1,91,66.33,Yes,No,Not Placed
Professional,BVoc,93,61,53.33,No,No,Placed
Science,BSc,93,70,64,No,No,Placed
Science,BSc,93,73.8,71,No,Yes,Placed
Science,BSc,93,75,69.7,No,Yes,Placed
Science,BSc,93,75,69.69,Yes,No,Not Placed
Science,BSc,93,81,69,No,Yes,Placed
Commerce,BCom,93,92,60,Yes,No,Not Placed
Commerce,BCom,93,93,83,No,No,Placed
Commerce,BBA,92.96,94.6,73,No,No,Placed
Commerce,BBA,92.96,94.67,73,No,Yes,Placed
Science,BSc,92.8,78.8,60,No,No,Placed
Science,BSc,92.64,87.83,63.95,No,No,Placed
Commerce,BCom,92.48,89.67,76.44,Yes,No,Not Placed
Science,BSc,92.32,77,63.615,Yes,Yes,Not Placed
Science,BCA,92.32,85,88.37,No,Yes,Placed
Science,BCA,92.32,85,88.37,Yes,No,Not Placed
Science,BCA,92.32,85,90,Yes,No,Placed
Science,BCA,92.32,85,90,Yes,No,Not Placed
Commerce,BCom,92.32,89.19,72.11,Yes,No,Not Placed
Arts,BA,92.16,96.83,75.26,No,No,Placed
Arts,BA,92.16,96.83,75,No,No,Placed
Arts,BA,92.16,96.83,75.26,No,No,Placed
Professional,BVoc,92.15,71.1,85,Yes,No,Not Placed
Science,BSc,92.15,76.4,62.18,No,No,Placed
Science,BSc,92.1,89,85,No,No,Placed
Arts,BA,92.1,91.8,74.4,Yes,No,Not Placed
Professional,BVoc,92,72,68.4,No,No,Placed
Science,BSc,92,74,55,Yes,No,Not Placed
Commerce,BBA,92,76,63,No,No,Placed
Commerce,BBA,92,76,62,Yes,Yes,Not Placed
Science,BSc,92,79.66,63.96,Yes,Yes,Not Placed
Science,BSc,92,79.66,65.33,Yes,No,Not Placed
Commerce,BCom,92,84.6,72.78,No,No,Placed
Commerce,BBA,92,87,65,Yes,No,Not Placed
Arts,BA,92,89,70.86,No,No,Placed
Arts,BA,92,89.6,70.86,No,Yes,Placed
Commerce,BCom,92,90,71.66,Yes,Yes,Not Placed
Commerce,BCom,92,90.33,69.5,No,No,Placed
Science,BSc,92,90.83,82.93,No,No,Placed
Science,BSc,92,92,76,No,Yes,Placed
Arts,BA,92,92,76,No,No,Placed
Arts,BA,92,92,74,No,No,Placed
Arts,BA,92,92,76,Yes,Yes,Not Placed
Commerce,BCom,92,94,80,No,No,Placed
Arts,BA,91.6,51.2,54.25,No,Yes,Placed
Science,BCA,91.6,72,61,Yes,No,Not Placed
Commerce,BCom,91.52,89,63.33,No,Yes,Placed
Commerce,BCom,91.52,89,63.33,Yes,No,Not Placed
Science,BSc,91.5,75.4,55,No,No,Not Placed
Science,BSc,91.5,84.5,71,No,No,Placed
Science,BSc,91.5,92.7,75,No,No,Placed
Science,BSc,91.5,92.7,75,No,No,Placed
Commerce,BCom,91.5,96.6,80.28,No,No,Placed
Commerce,BCom,91.4,83,74.3,No,No,Placed
Commerce,BCom,91.36,81.83,61.67,No,Yes,Not Placed
Science,BSc,91.33,91.43,82,Yes,No,Placed
Commerce,BCom,91.3,83,73.5,Yes,Yes,Not Placed
Science,BSc,91.3,91.3,80,Yes,Yes,Not Placed
Professional,BVoc,91.2,76.4,71.89,No,Yes,Placed
Science,BSc,91.2,80,68.77,Yes,Yes,Not Placed
Commerce,BCom,91.2,80.4,52.915,Yes,Yes,Not Placed
Commerce,BCom,91.2,80.4,52.92,No,Yes,Not Placed
Science,BSc,91.2,80.66,68.77,No,Yes,Placed
Commerce,BCom,91.2,87,74,No,No,Placed
Commerce,BCom,91.2,93.5,79,No,No,Placed
Commerce,BCom,91.2,93.5,70,Yes,No,Not Placed
Commerce,BCom,91.2,95.5,77,Yes,No,Not Placed
Commerce,BCom,91.04,86.5,70.5,Yes,Yes,Not Placed
Commerce,BCom,91.04,86.66,71.61,Yes,Yes,Not Placed
Science,BSc,91,72,59.8,No,Yes,Placed
Commerce,BCom,91,86,78,No,No,Placed
Commerce,BCom,91,86,70,No,No,Placed
Commerce,BCom,91,86,78,Yes,Yes,Not Placed
Science,BCA,91,88,90.66,No,No,Placed
Science,BSc,91,90,82,Yes,No,Not Placed
Commerce,BCom,91,91,75,No,No,Placed
Commerce,BCom,91,91,75,Yes,No,Not Placed
Science,BSc,90.88,84,65,Yes,No,Not Placed
Science,BSc,90.88,85,60,Yes,No,Not Placed
Science,BSc,90.8,88,75,Yes,Yes,Not Placed
Commerce,BCom,90.8,94.33,78.39,Yes,Yes,Not Placed
Science,BSc,90.6,93.5,76,No,Yes,Placed
Science,BSc,90.6,93.5,76,Yes,No,Not Placed
Commerce,BCom,90.5,89,63.33,No,No,Placed
Commerce,BCom,90.5,89,63.83,No,No,Placed
Science,BSc,90.4,65.17,56.03,No,No,Placed
Commerce,BCom,90.4,83.67,64.67,No,Yes,Placed
Commerce,BCom,90.4,92,72.21,No,No,Placed
Science,BSc,90.33,81.16,73.17,No,No,Placed
Science,BSc,90.24,59.16,55,No,Yes,Placed
Science,BSc,90.24,77,68,No,Yes,Placed
Commerce,BCom,90.24,79.62,66,Yes,No,Not Placed
Science,BSc,90.24,90.1,72,Yes,Yes,Not Placed
Science,BSc,90.08,70,61,Yes,No,Not Placed
Commerce,BCom,90.08,94.33,77.635,No,Yes,Placed
Science,BSc,90,78,64,Yes,No,Not Placed
Science,BSc,90,81,73.17,No,No,Placed
Science,BSc,90,82,70,No,No,Placed
Arts,BA,90,82,70,No,No,Placed
Science,BSc,90,82,70,Yes,Yes,Not Placed
Science,BSc,90,82,70,Yes,Yes,Not Placed
Commerce,BBA,90,82,65,Yes,No,Not Placed
Commerce,BCom,90,83,55.88,Yes,No,Not Placed
Arts,BA,90,83,61.64,No,No,Not Placed
Arts,BA,90,83,60,No,No,Not Placed
Science,BSc,90,85,60,Yes,No,Not Placed
Commerce,BCom,90,86,67,No,Yes,Placed
Commerce,BCom,90,89,65,No,No,Placed
Commerce,BCom,90,89,62.33,No,No,Not Placed
Commerce,BCom,90,89.7,56,No,No,Not Placed
Science,BSc,90,90,72,No,Yes,Placed
Science,BSc,90,93,61.05,Yes,No,Not Placed
Commerce,BCom,89.98,86,64.34,No,No,Placed
Commerce,BCom,89.98,86,64,Yes,No,Not Placed
Science,BSc,89.83,88.66,83.02,Yes,No,Placed
Commerce,BCom,89.83,89.66,77.38,No,No,Placed
Commerce,BCom,89.76,89.33,71.44,No,No,Placed
Science,BSc,89.73,78.3,63,No,No,Not Placed
Arts,BA,89.5,90,62,No,No,Placed
Commerce,BCom,89.44,82.66,72.22,Yes,Yes,Not Placed
Commerce,BCom,89.44,88,79.66,Yes,No,Not Placed
Commerce,BCom,89.44,88.16,65.38,No,No,Placed
Commerce,BCom,89.33,74.83,60.66,No,No,Not Placed
Science,BSc,89.33,84.33,75.23,No,No,Placed
Professional,BVoc,89.3,68.2,56.6,No,Yes,Not Placed
Professional,BVoc,89.3,79.2,73.1,Yes,No,Not Placed
Commerce,BBA,89.3,87.6,71.94,Yes,No,Not Placed
Commerce,BCom,89.3,91.4,75,No,No,Placed
Commerce,BCom,89.3,91.4,75.3,Yes,No,Not Placed
Science,BSc,89.28,79.16,58.71,Yes,No,Not Placed
Science,BSc,89.28,79.16,57.69,Yes,No,Not Placed
Science,BCA,89.28,87,80,No,No,Placed
Commerce,BCom,89.2,91.83,83.25,Yes,No,Not Placed
Commerce,BCom,89.14,91,78.2,Yes,No,Not Placed
Commerce,BCom,89.12,95.4,80.16,Yes,No,Not Placed
Science,BSc,89,76.6,72.385,Yes,No,Not Placed
Science,BSc,89,79,63,No,Yes,Placed
Science,BSc,89,80,65,No,No,Placed
Science,BSc,89,80,65,No,No,Placed
Commerce,BCom,89,81,66.25,No,Yes,Placed
Commerce,BBA,89,82,65.77,Yes,No,Not Placed
Commerce,BBA,89,86,78,Yes,No,Not Placed
Commerce,BCom,89,89,78,Yes,Yes,Not Placed
Commerce,BCom,89,89,77,Yes,Yes,Not Placed
Science,BSc,89,93.5,79.61,Yes,Yes,Not Placed
Commerce,BCom,88.96,69,58,No,No,Not Placed
Commerce,BCom,88.96,85.15,65,No,No,Placed
Commerce,BCom,88.8,97.16,74,No,No,Placed
Science,BSc,88.66,60,58.25,Yes,No,Not Placed
Science,BSc,88.32,59,55.5,Yes,No,Not Placed
Arts,BA,88.17,85.5,76.3,No,No,Placed
Science,BSc,88.16,65.8333,55.12,Yes,Yes,Not Placed
Science,BSc,88.16,65.88,60,No,No,Not Placed
Science,BSc,88.16,88.83,76.61,Yes,Yes,Not Placed
Science,BSc,88.16,88.83,77,Yes,No,Not Placed
Science,BSc,88,58,62,No,No,Placed
Science,BSc,88,58,62,No,No,Placed
Science,BSc,88,58,62,No,No,Placed
Science,BSc,88,58,62,No,No,Not Placed
Arts,BA,88,76.66,70,Yes,Yes,Not Placed
Arts,BA,88,76.67,70,No,Yes,Placed
Arts,BA,88,76.67,70,No,Yes,Placed
Science,BSc,88,77,67,Yes,Yes,Not Placed
Science,BSc,88,80,70,No,Yes,Placed
Science,BSc,88,82,57.095,No,No,Not Placed
Commerce,BCom,88,85,71,Yes,Yes,Not Placed
Arts,BA,88,86,74,No,No,Placed
Science,BSc,88,87,70,No,No,Placed
Commerce,BBA,88,89,66.16,No,Yes,Placed
Commerce,BBA,88,89,66.25,Yes,Yes,Not Placed
Science,BSc,88,93.5,80,No,No,Placed
Commerce,BCom,88,93.66,67.83,No,Yes,Placed
Commerce,BCom,88,94,67.83,No,Yes,Placed
Commerce,BCom,88,95.3,77,No,No,Placed
Professional,BVoc,87.84,83.66,68.47,Yes,Yes,Not Placed
Commerce,BCom,87.83,85.2,78,Yes,No,Not Placed
Science,BSc,87.68,82.16,67,No,Yes,Placed
Commerce,BCom,87.68,88.5,75,No,No,Placed
Commerce,BCom,87.5,95.3,76.76,No,No,Placed
Science,BSc,87.4,76.6,60,No,No,Not Placed
Arts,BA,87.4,78.8,53.99,Yes,No,Not Placed
Arts,BA,87.4,78.8,53.99,No,Yes,Not Placed
Science,BSc,87.4,79,74,Yes,No,Not Placed
Science,BSc,87.4,79.2,73.5,No,No,Placed
Science,BSc,87.4,81.25,69.33,No,No,Placed
Science,BSc,87.4,83.83,76.465,No,No,Placed
Professional,BVoc,87.4,87.5,65,No,No,Placed
Professional,BVoc,87.4,87.5,60,No,No,Not Placed
Arts,BA,87.3,74,53.3,Yes,No,Not Placed
Commerce,BCom,87.2,87.16,71.66,Yes,Yes,Not Placed
Commerce,BCom,87.2,87.17,76.19,No,No,Placed
Arts,BA,87.16,93.16,68,Yes,Yes,Not Placed
Arts,BA,87.16,93.16,68.9,No,Yes,Placed
Commerce,BCom,87.04,79.67,60.11,No,No,Not Placed
Commerce,BCom,87,78,63,Yes,Yes,Not Placed
Science,BSc,87,79,54,Yes,No,Not Placed
Science,BSc,87,81.8,83,Yes,No,Placed
Science,BSc,87,84,70,Yes,Yes,Not Placed
Commerce,BBA,87,88,79,No,Yes,Placed
Commerce,BCom,87,88,70,No,No,Placed
Commerce,BBA,87,88,79,Yes,Yes,Not Placed
Commerce,BCom,87,89,77,No,Yes,Placed
Commerce,BCom,87,89,70,No,Yes,Placed
Commerce,BCom,87,92,71.3,No,Yes,Placed
Commerce,BCom,87,92,71.3,No,Yes,Placed
Commerce,BCom,87,93,70,No,Yes,Placed
Arts,BA,87,93,68,No,Yes,Placed
Commerce,BCom,87,93,74,No,No,Placed
Commerce,BCom,87,93,70,No,No,Placed
Science,BSc,86.88,76.16,61.54,Yes,No,Not Placed
Commerce,BCom,86.88,90.33,73.16,No,Yes,Placed
Commerce,BCom,86.88,92.33,71.72,No,Yes,Placed
Commerce,BCom,86.88,92.33,71.72,No,No,Placed
Science,BSc,86.78,77.8,59.74,No,Yes,Placed
Science,BSc,86.75,83.25,82,No,No,Placed
Science,BSc,86.75,83.25,82,No,No,Placed
Commerce,BCom,86.72,68.33,59.085,No,No,Not Placed
Commerce,BCom,86.72,94.33,84.78,No,No,Placed
Science,BSc,86.7,83.3,70.8,No,No,Placed
Science,BSc,86.6,73,59,Yes,No,Not Placed
Science,BSc,86.56,75.66,60.15,No,Yes,Placed
Science,BSc,86.33,82.83,68.16,No,Yes,Placed
Science,BSc,86.33,83,70,No,Yes,Placed
Science,BSc,86,60,58.6,Yes,No,Not Placed
Arts,BA,86,63,60,No,No,Placed
Professional,BSW,86,68,65,No,No,Not Placed
Commerce,BCom,86,77,60,No,No,Placed
Science,BSc,86,78,60,Yes,Yes,Not Placed
Commerce,BCom,86,78,60,Yes,No,Not Placed
Commerce,BCom,86,78,58,Yes,No,Not Placed
Arts,BA,86,83,69,No,Yes,Placed
Commerce,BCom,86,83,64.25,No,No,Placed
Arts,BA,86,83,72,No,No,Placed
Commerce,BCom,86,84,65,No,No,Placed
Commerce,BBA,86,85,60,No,Yes,Placed
Commerce,BBA,86,85,69,No,Yes,Placed
Commerce,BBA,86,85,68,No,Yes,Placed
Commerce,BBA,86,85,60,No,No,Not Placed
Commerce,BCom,86,85.5,80.92,No,No,Placed
Commerce,BCom,86,85.5,79.05,Yes,No,Not Placed
Commerce,BCom,86,90,65,No,Yes,Not Placed
Arts,BA,86,95,75,Yes,No,Not Placed
Commerce,BCom,85.96,80.5,70,Yes,No,Not Placed
Science,BSc,85.92,57.6,60.3,No,No,Not Placed
Science,BSc,85.76,85.6,71.1,No,Yes,Placed
Science,BSc,85.7,85.6,71.1,No,Yes,Placed
Science,BSc,85.67,78.167,69.4,No,Yes,Placed
Science,BSc,85.6,84.33,71.69,No,No,Placed
Science,BSc,85.6,84.33,71.33,Yes,No,Not Placed
Science,BSc,85.5,69.4,75,No,No,Placed
Science,BSc,85.5,69.4,58.38,No,No,Not Placed
Science,BSc,85.5,73,69,No,Yes,Placed
Science,BSc,85.5,73,69,No,No,Placed
Commerce,BCom,85.5,76,56.22,No,Yes,Placed
Science,BSc,85.5,77.4,64.35,No,No,Placed
Science,BSc,85.5,78.8,72.86,No,No,Placed
Commerce,BBA,85.5,85,66,Yes,No,Not Placed
Science,BCA,85.5,86.25,67.5,No,Yes,Placed
Commerce,BBA,85.4,87.4,67.44,No,Yes,Placed
Commerce,BBA,85.4,87.4,67.44,Yes,Yes,Not Placed
Science,BSc,85.3,81.5,65.07,No,No,Placed
Commerce,BBA,85.3,88.2,69,No,Yes,Placed
Science,BSc,85.12,74.33333,69.23,Yes,No,Not Placed
Science,BCA,85,64,56,Yes,Yes,Not Placed
Arts,BA,85,70.8,72.53,No,Yes,Placed
Professional,BVoc,85,71,85,Yes,No,Not Placed
Arts,BA,85,71,55.033,No,No,Not Placed
Arts,BA,85,72,64,No,No,Placed
Science,BSc,85,74,71,No,No,Placed
Arts,BA,85,76,65,No,No,Placed
Science,BSc,85,76,64.35,No,No,Placed
Commerce,BCom,85,76,56.22,No,No,Not Placed
Science,BSc,85,80,73,Yes,No,Not Placed
Science,BSc,85,82,72,Yes,No,Not Placed
Science,BCA,85,82,60,Yes,No,Not Placed
Professional,BVC,85,85,69,No,Yes,Placed
Science,BCA,85,86.25,63,No,Yes,Placed
Science,BSc,85,89.33,71.915,Yes,Yes,Not Placed
Science,BSc,85,89.33,74.31,Yes,No,Not Placed
Commerce,BCom,85,94,73,Yes,No,Not Placed
Science,BCA,84.96,89.16,75,Yes,No,Not Placed
Commerce,BCom,84.96,89.83,67.16,Yes,No,Not Placed
Commerce,BCom,84.8,75.33,68.22,No,Yes,Placed
Commerce,BCom,84.8,75.33,70,No,No,Placed
Commerce,BCom,84.64,80,54,No,Yes,Placed
Commerce,BCom,84.64,81.5,58.08,No,Yes,Placed
Science,BSc,84.6,72,60,No,No,Not Placed
Arts,BA,84.5,81.2,68.46,No,Yes,Placed
Science,BSc,84.5,94.5,68.381,No,Yes,Placed
Commerce,BCom,84.4,77,60.66,No,Yes,Placed
Commerce,BCom,84.4,77,60.6,No,No,Not Placed
Commerce,BCom,84.32,89.16,61,No,No,Not Placed
Commerce,BCom,84.3,91.2,76.11,No,No,Placed
Science,BSc,84,59,63,No,No,Placed
Science,BSc,84,63,60,No,No,Not Placed
Arts,BA,84,64,66.3,Yes,Yes,Not Placed
Arts,BA,84,64,58,No,No,Not Placed
Science,BSc,84,74.83,64.2,Yes,No,Not Placed
Science,BSc,84,80,68.58,No,Yes,Placed
Science,BSc,84,80,72.82,Yes,Yes,Not Placed
Commerce,BCom,84,84.33,70.78,No,Yes,Placed
Science,BSc,84,86,70,Yes,No,Not Placed
Commerce,BCom,84,87,65,No,No,Placed
Science,BSc,84,87,71.166,Yes,No,Not Placed
Commerce,BCom,84,87,65,Yes,No,Not Placed
Commerce,BCom,84,87,65,Yes,No,Not Placed
Arts,BA,84,90,65,No,Yes,Placed
Arts,BA,84,90,78,No,No,Placed
Commerce,BCom,83.89,89.14,69.65,No,Yes,Placed
Science,BSc,83.84,57,52.97,No,Yes,Placed
Commerce,BCom,83.84,89.14,69,No,No,Placed
Science,BSc,83.8,86.1,72,No,No,Placed
Science,BSc,83.68,74.83,64.2,No,No,Placed
Commerce,BCom,83.68,76.33,62.94,No,No,Placed
Commerce,BCom,83.68,76.33,62.94,No,Yes,Not Placed
Commerce,BCom,83.68,81.66,65.33,No,Yes,Placed
Science,BSc,83.66,66.66,70,No,Yes,Placed
Science,BSc,83.6,59,60.6,No,Yes,Placed
Science,BSc,83.6,74,65,No,Yes,Placed
Science,BSc,83.6,74,56.82,No,No,Not Placed
Science,BSc,83.6,74.4,65.18,No,Yes,Placed
Professional,BVC,83.6,79.2,61.6,No,No,Not Placed
Science,BSc,83.6,79.6,73.7,No,No,Placed
Science,BSc,83.6,79.6,73.7,No,No,Placed
Science,BSc,83.6,81,72.1,Yes,Yes,Not Placed
Commerce,BCom,83.6,91,79.9,No,No,Placed
Commerce,BCom,83.6,91,79.6,Yes,No,Not Placed
Commerce,BCom,83.6,91,79.66,Yes,No,Not Placed
Commerce,BCom,83.6,91,79.6,Yes,No,Not Placed
Science,BSc,83.5,59,60,No,Yes,Not Placed
Science,BSc,83.5,73.2,75,No,Yes,Placed
Arts,BA,83.5,75.1667,59.85,Yes,No,Not Placed
Commerce,BBA,83.5,94.5,81,Yes,No,Placed
Commerce,BBA,83.5,94.5,80.2,Yes,No,Not Placed
Commerce,BCom,83.43,87.32,59,No,Yes,Not Placed
Arts,BA,83.38,84.5,68,Yes,Yes,Not Placed
Commerce,BCom,83.37,91.67,64,No,No,Placed
Commerce,BCom,83.36,86,59.335,No,No,Not Placed
Science,BSc,83.2,94.5,62.1,Yes,No,Not Placed
Science,BSc,83.04,62.5,64.36,No,No,Placed
Science,BSc,83.04,62.5,64.36,Yes,No,Not Placed
Professional,BSW,83,67,68,No,Yes,Placed
Commerce,BCom,83,83,61,No,No,Not Placed
Commerce,BCom,83,83,57.4,No,No,Not Placed
Arts,BA,83,84,75,No,No,Placed
Arts,BA,83,85,72,Yes,No,Not Placed
Commerce,BCom,83,86.67,73,No,No,Placed
Commerce,BCom,83,87,75,Yes,No,Not Placed
Commerce,BCom,83,88,73,Yes,Yes,Not Placed
Commerce,BCom,83,90,71,No,Yes,Placed
Science,BSc,82.8,75.2,75,Yes,No,Not Placed
Arts,BA,82.8,90,69.67,No,No,Not Placed
Science,BSc,82.56,73,60.3,Yes,No,Not Placed
Arts,BA,82.4,81.75,66.2,Yes,Yes,Not Placed
Science,BCA,82.333,70.88,80,Yes,No,Not Placed
Science,BSc,82.24,73.33,63,No,No,Placed
Commerce,BBA,82,67,65,Yes,Yes,Not Placed
Arts,BA,82,67,64,No,No,Not Placed
Science,BSc,82,68,60,Yes,No,Not Placed
Science,BCA,82,69,72.3,No,Yes,Placed
Science,BSc,82,69,62,No,No,Placed
Science,BCA,82,69,72.3,Yes,No,Not Placed
Science,BSc,82,72,59,No,No,Not Placed
Commerce,BCom,82,77,60,No,No,Not Placed
Science,BSc,82,77,60,No,No,Not Placed
Commerce,BCom,82,78,61,No,No,Not Placed
Commerce,BBA,82,79.4,59,No,Yes,Placed
Commerce,BBA,82,79.4,58,Yes,Yes,Not Placed
Arts,BA,82,80,75,Yes,Yes,Not Placed
Professional,BVC,82,80.33,68,No,Yes,Placed
Arts,BA,82,82,65,No,Yes,Placed
Arts,BA,82,82,64.46,No,No,Placed
Commerce,BBA,82,82,62,No,No,Not Placed
Arts,BA,82,84,74,Yes,No,Not Placed
Science,BSc,82,85,68,No,Yes,Placed
Science,BSc,82,85,68.5,No,No,Placed
Science,BSc,82,85,68.5,Yes,Yes,Not Placed
Commerce,BCom,82,85,70,Yes,No,Not Placed
Arts,BA,82,86,65,Yes,Yes,Not Placed
Arts,BA,82,86,65,No,No,Not Placed
Commerce,BCom,82,86,60,No,No,Not Placed
Arts,BA,82,87,60,Yes,No,Not Placed
Commerce,BCom,82,89,68.3,No,Yes,Placed
Commerce,BCom,82,89,68,No,Yes,Placed
Commerce,BCom,82,89,68.3,No,No,Placed
Commerce,BCom,82,90,67.5,Yes,Yes,Not Placed
Commerce,BCom,82,94,60,No,No,Placed
Professional,BVC,81.7,63,71.5,Yes,Yes,Not Placed
Science,BSc,81.7,72,58.3,No,No,Not Placed
Arts,BA,81.7,73.6,63.5,Yes,No,Not Placed
Commerce,BCom,81.7,75.4,66,No,Yes,Placed
Professional,BVC,81.7,82.6,71.04,No,Yes,Placed
Commerce,BCom,81.7,87.33,75.94,No,No,Placed
Commerce,BBA,81.7,90,74.94,Yes,No,Not Placed
Commerce,BBA,81.7,90,74.94,No,No,Placed
Commerce,BCom,81.7,91,82.22,Yes,Yes,Not Placed
Commerce,BBA,81.66,73.667,59.38,No,No,Not Placed
Science,BSc,81.6,72.16,73.97,No,No,Placed
Commerce,BCom,81.6,85.17,69.55,Yes,No,Not Placed
Professional,BVC,81.5,75.2,71,No,No,Placed
Science,BSc,81.33,71,72.33,Yes,Yes,Not Placed
Science,BSc,81.3,79.5,69.5,Yes,No,Not Placed
Commerce,BCom,81.16,78.5,67.6,No,Yes,Placed
Science,BSc,81.1,79,73.02,No,No,Placed
Professional,BVoc,81,76.2,73.5,Yes,No,Not Placed
Science,BSc,81,79,72,No,No,Placed
Commerce,BCom,81,86,60,Yes,Yes,Not Placed
Commerce,BCom,81,90,67.64,No,Yes,Placed
Commerce,BBA,80.96,64.16,68.94,No,No,Placed
Commerce,BBA,80.96,64.16,68.94,No,No,Placed
Science,BSc,80.96,70.83,60,No,No,Placed
Commerce,BCom,80.88,88.88,76.67,No,No,Placed
Commerce,BCom,80.8,89.8,74.56,No,No,Placed
Commerce,BCom,80.5,88,76.72,No,No,Placed
Science,BCA,80.48,74,58.38,No,No,Not Placed
Commerce,BCom,80.48,84.5,60,No,No,Placed
Science,BCA,80.45,76,75,Yes,No,Not Placed
Science,BSc,80.33,65.3,67.44,No,Yes,Placed
Science,BCA,80.16,89,87,No,No,Placed
Commerce,BCom,80.08,69,53.27,No,Yes,Not Placed
Science,BSc,80,60,56,Yes,No,Not Placed
Professional,BVoc,80,68,53.41,No,No,Not Placed
Professional,BVoc,80,73,73.8,No,Yes,Placed
Professional,BVoc,80,73,68.1,No,Yes,Placed
Commerce,BCom,80,75,65,No,No,Placed
Commerce,BCom,80,75,64.5,Yes,Yes,Not Placed
Commerce,BCom,80,75,64,No,Yes,Not Placed
Commerce,BCom,80,75,62,No,No,Not Placed
Commerce,BCom,80,75,56,No,Yes,Not Placed
Commerce,BBA,80,76,65,No,Yes,Placed
Science,BSc,80,78,66,Yes,Yes,Not Placed
Science,BSc,80,78,70.695,Yes,No,Not Placed
Commerce,BCom,80,79.95,52,No,Yes,Placed
Commerce,BCom,80,80,60,No,Yes,Placed
Commerce,BCom,80,80,60,No,No,Placed
Science,BSc,80,80,64.1,Yes,No,Not Placed
Science,BCA,80,80,60,Yes,No,Not Placed
Arts,BA,80,80.6,74,No,No,Placed
Science,BCA,80,82,68,No,Yes,Placed
Professional,BVoc,80,82,80,Yes,No,Placed
Commerce,BBA,80,82,58,No,No,Not Placed
Professional,BVoc,80,83,75,No,No,Placed
Commerce,BCom,80,83,63,Yes,Yes,Not Placed
Science,BSc,80,84.33,62.86,Yes,No,Not Placed
Science,BSc,80,84.33,62.86,Yes,No,Not Placed
Commerce,BCom,80,85,60,No,No,Not Placed
Professional,BVC,80,87,85,No,No,Placed
Science,BSc,79.8,53,56.46,No,Yes,Placed
Professional,BVoc,79.8,77,66.2,Yes,Yes,Not Placed
Arts,BA,79.8,82.6,73,No,Yes,Placed
Commerce,BBA,79.8,85.33,60.99,No,No,Not Placed
Science,BSc,79.8,86.4,74.8,No,No,Placed
Commerce,BBA,79.8,91.5,65,Yes,No,Not Placed
Commerce,BCom,79.8,93.6,77,Yes,Yes,Not Placed
Science,BSc,79.68,80.5,74.16,Yes,No,Not Placed
Science,BSc,79.6,78,76,No,No,Placed
Science,BSc,79.6,78.16,77.075,Yes,No,Not Placed
Commerce,BBA,79.5,68.4,61.33,Yes,Yes,Not Placed
Science,BCA,79.5,75.66,79.253,No,Yes,Placed
Commerce,BCom,79.2,82.17,63.22,Yes,No,Not Placed
Commerce,BCom,79.2,84.4,66.61,No,Yes,Placed
Commerce,BCom,79.2,84.4,66.61,Yes,Yes,Not Placed
Science,BSc,79,55,56.9,No,Yes,Placed
Science,BSc,79,63,60,No,No,Not Placed
Science,BSc,79,66.834,63.846,Yes,Yes,Not Placed
Science,BSc,79,69,60,No,No,Not Placed
Commerce,BCom,79,81,60,Yes,No,Not Placed
Arts,BA,79,82.8,68.4,No,Yes,Placed
Commerce,BCom,79,84,66,No,Yes,Placed
Commerce,BCom,79,84,66,No,No,Placed
Commerce,BCom,79,89,79,No,No,Placed
Commerce,BBA,79,89,70.61,No,No,Placed
Commerce,BBA,79,91,65,Yes,Yes,Not Placed
Commerce,BCom,78.88,78.5,62,Yes,Yes,Not Placed
Science,BSc,78.8,78,66,No,Yes,Placed
Commerce,BBA,78.8,79.6,63,No,No,Not Placed
Commerce,BCom,78.72,86.6,66.16,No,Yes,Placed
Commerce,BCom,78.72,86.6,66.16,No,Yes,Placed
Commerce,BCom,78.6,79.9,65,No,Yes,Not Placed
Arts,BA,78.5,82.4,69.33,No,Yes,Placed
Commerce,BCom,78.41,70,56.27,No,No,Not Placed
Commerce,BCom,78.24,89,72,No,Yes,Placed
Commerce,BCom,78.08,84.6,65,No,No,Placed
Commerce,BCom,78.08,84.66,65,No,Yes,Not Placed
Professional,BVoc,78,60,53.16,No,Yes,Placed
Professional,BVoc,78,60,56.25,No,No,Not Placed
Science,BCA,78,60.2,70,No,No,Placed
Science,BSc,78,64,60,Yes,No,Not Placed
Science,BSc,78,65,70,No,No,Placed
Commerce,BCom,78,67,60,No,No,Not Placed
Professional,BVoc,78,69,66.07,Yes,No,Not Placed
Science,BSc,78,70,61.67,No,Yes,Placed
Science,BSc,78,70,62,No,No,Not Placed
Commerce,BCom,78,71,56,No,No,Not Placed
Professional,BVoc,78,71.8,65,No,No,Placed
Commerce,BCom,78,82.6,60.91,Yes,No,Not Placed
Commerce,BCom,78,82.6,60.91,No,No,Not Placed
Commerce,BCom,78,83,60.6,No,Yes,Not Placed
Commerce,BBA,78,84,57.5,No,No,Not Placed
Commerce,BBA,78,84.5,68,No,Yes,Placed
Science,BSc,78,85.2,68,No,Yes,Placed
Commerce,BCom,78,90,69,No,Yes,Placed
Commerce,BCom,78,90,69,Yes,Yes,Not Placed
Commerce,BCom,78,90,69,No,No,Not Placed
Commerce,BCom,78,91,80,Yes,No,Not Placed
Commerce,BCom,78,92,80,No,No,Placed
Science,BSc,77.98,73,65,No,No,Not Placed
Arts,BA,77.9,63,66.46,Yes,No,Not Placed
Science,BCA,77.9,79,70,No,No,Placed
Commerce,BCom,77.9,79.8,64.89,No,No,Not Placed
Science,BCA,77.9,85.6,66.7,No,Yes,Placed
Commerce,BCom,77.88,83.33,69.5,No,No,Placed
Commerce,BCom,77.83,79,60.25,No,No,Not Placed
Science,BSc,77.83,81,63.82,No,No,Placed
Science,BSc,77.7,58.8,63.5,No,Yes,Placed
Arts,BA,77.6,84.67,75.86,Yes,Yes,Not Placed
Arts,BA,77.5,69,56,No,No,Not Placed
Science,BCA,77.44,83,78.25,Yes,No,Not Placed
Science,BCA,77.28,75.17,53,No,Yes,Placed
Commerce,BCom,77.28,88.167,70,No,No,Placed
Commerce,BCom,77.28,88.167,67.88,Yes,Yes,Not Placed
Commerce,BBA,77.2,81.4,67.8,No,Yes,Placed
Professional,BVoc,77,49.5,65,No,No,Placed
Professional,BVoc,77,49.5,65,Yes,Yes,Not Placed
Arts,BA,77,63,66,No,No,Placed
Science,BSc,77,65.6,68.61,No,Yes,Placed
Arts,BA,77,67,58.33,Yes,Yes,Not Placed
Commerce,BCom,77,70,57.5,Yes,No,Not Placed
Commerce,BCom,77,73,60,No,No,Not Placed
Commerce,BCom,77,79,73,No,No,Placed
Science,BCA,77,80,77.25,No,No,Placed
Arts,BA,77,83,78,No,No,Placed
Arts,BA,77,83,79,Yes,No,Not Placed
Commerce,BCom,77,83.33,69.5,No,No,Placed
Arts,BA,77,84,78,Yes,No,Not Placed
Commerce,BCom,77,85,63.5,No,No,Placed
Commerce,BCom,77,88.167,68,No,Yes,Placed
Arts,BA,77,91,70,No,No,Placed
Commerce,BCom,77,92,70,No,Yes,Placed
Commerce,BCom,77,93.83,71.83,No,No,Placed
Science,BSc,76.77,58.3,61,No,No,Placed
Commerce,BCom,76.64,68,65,No,No,Placed
Science,BSc,76.6,88.75,79.84,Yes,No,Not Placed
Arts,BA,76.5,82,60.5,Yes,No,Not Placed
Science,BCA,76.2,64.5,75.8,No,No,Placed
Arts,BA,76,54,58,Yes,Yes,Not Placed
Arts,BA,76,55,55,No,Yes,Placed
Commerce,BBA,76,55.3,55.58,Yes,No,Not Placed
Science,BCA,76,64,61,No,No,Not Placed
Arts,BA,76,66,60,No,Yes,Placed
Arts,BA,76,66,60,No,No,Not Placed
Commerce,BCom,76,67,60,No,No,Not Placed
Commerce,BCom,76,67,60,No,No,Not Placed
Arts,BA,76,68,58.33,No,Yes,Not Placed
Science,BCA,76,69,60,No,No,Not Placed
Professional,BVoc,76,71,75,No,No,Placed
Professional,BVoc,76,71,72,Yes,Yes,Not Placed
Professional,BVoc,76,71,70,Yes,Yes,Not Placed
Professional,BVoc,76,72,70,No,No,Placed
Commerce,BBA,76,74,71,No,No,Placed
Commerce,BBA,76,74,71,Yes,No,Not Placed
Professional,BVoc,76,75,72,No,Yes,Placed
Professional,BVoc,76,76,60,Yes,No,Not Placed
Arts,BA,76,78,75,No,No,Placed
Commerce,BBA,76,79.83,59.056,Yes,No,Not Placed
Commerce,BBA,76,79.83,60,No,Yes,Not Placed
Arts,BA,76,80,75,No,No,Placed
Arts,BA,76,80,74,Yes,Yes,Not Placed
Science,BSc,76,80,58.87,Yes,No,Not Placed
Science,BSc,76,80,58.87,Yes,No,Not Placed
Science,BSc,76,80.167,58.87,Yes,Yes,Not Placed
Arts,BA,76,80.6,62.8,Yes,No,Not Placed
Arts,BA,76,83.8,64.16,Yes,No,Not Placed
Commerce,BBA,76,84.2,72.15,Yes,Yes,Not Placed
Commerce,BCom,76,85,69.085,Yes,No,Not Placed
Commerce,BBA,76,85,65.93,Yes,No,Not Placed
Commerce,BBA,76,85.5,61.5,No,No,Not Placed
Commerce,BCom,76,89,66.7,No,Yes,Placed
Commerce,BBA,76,90,66.8,No,Yes,Placed
Commerce,BCom,76,90.8,61.46,No,Yes,Placed
Commerce,BCom,75.52,86.16,66.5,No,Yes,Placed
Commerce,BBA,75.5,61.3,59,Yes,No,Not Placed
Commerce,BCom,75.5,90.16,65.22,No,Yes,Placed
Commerce,BCom,75.5,90.2,65,No,No,Not Placed
Science,BCA,75.39,86,69.66,No,Yes,Placed
Science,BSc,75.36,66,60,Yes,No,Not Placed
Commerce,BCom,75.36,76.77,52.83,No,Yes,Placed
Commerce,BCom,75.2,82.7,60,Yes,No,Not Placed
Arts,BA,75.16,61.16,61.15,Yes,No,Not Placed
Science,BSc,75,66.66,60,No,No,Not Placed
Professional,BVoc,75,70,60,No,No,Placed
Arts,BA,75,73,65,No,No,Placed
Arts,BA,75,74,68,Yes,No,Not Placed
Science,BSc,75,76,64.07,No,Yes,Placed
Science,BSc,75,78,66,No,Yes,Placed
Arts,BA,75,80,80,No,Yes,Placed
Arts,BA,75,80,80,Yes,No,Not Placed
Arts,BA,75,85,70,No,Yes,Placed
Commerce,BCom,75,85.3,71.833,No,Yes,Placed
Commerce,BCom,75,86,73,No,Yes,Placed
Arts,BA,75,87,57,No,No,Not Placed
Commerce,BCom,75,88.8,75,Yes,No,Not Placed
Commerce,BBA,75,89.5,53,No,Yes,Placed
Commerce,BCom,74.72,76,64.83,No,No,Placed
Commerce,BCom,74.56,75.17,66,No,Yes,Placed
Commerce,BCom,74.56,75.17,66,No,Yes,Placed
Commerce,BCom,74.56,81.4,58.75,Yes,Yes,Not Placed
Commerce,BCom,74.56,81.4,58.75,No,No,Not Placed
Arts,BA,74.5,79.5,59.3,Yes,No,Not Placed
Commerce,BBA,74.4,83,74.83,No,Yes,Placed
Commerce,BBA,74.4,83,52.165,No,Yes,Placed
Science,BCA,74.2,90.6,79.8,No,No,Placed
Commerce,BCom,74.17,75.17,66,No,Yes,Placed
Science,BCA,74.16,90.66,79.83,Yes,Yes,Not Placed
Commerce,BCom,74.1,82.2,75,No,No,Placed
Science,BCA,74.1,90.5,79.8,No,No,Placed
Arts,BA,74,55,60,No,No,Not Placed
Commerce,BBA,74,57,59.8,No,No,Not Placed
Arts,BA,74,59,70,Yes,No,Not Placed
Professional,BVoc,74,65,65,No,No,Placed
Professional,BVoc,74,65,60,Yes,Yes,Not Placed
Commerce,BBA,74,67.8,55.6,Yes,No,Not Placed
Science,BCA,74,69,61,Yes,Yes,Not Placed
Arts,BA,74,71,62.75,No,Yes,Placed
Commerce,BCom,74,75.6,66,No,No,Placed
Commerce,BCom,74,76,60,No,No,Not Placed
Commerce,BCom,74,76,60,No,No,Not Placed
Commerce,BCom,74,76,60,No,No,Not Placed
Professional,BVC,74,79,71.5,No,No,Placed
Commerce,BCom,74,81.4,58.75,No,No,Not Placed
Commerce,BCom,74,84,55,No,Yes,Placed
Commerce,BCom,74,84,71.61,Yes,No,Not Placed
Commerce,BCom,74,84,71,Yes,No,Not Placed
Commerce,BCom,74,84,60,No,No,Not Placed
Arts,BA,74,84,60,No,No,Not Placed
Commerce,BBA,74,89,52.25,No,No,Not Placed
Science,BCA,73.44,72,59,No,No,Not Placed
Science,BCA,73.44,72,59,No,No,Not Placed
Science,BCA,73.44,72.16,59.62,No,No,Not Placed
Science,BCA,73.33,66.75,73.375,No,No,Placed
Science,BCA,73.33,66.75,73.37,No,No,Placed
Commerce,BCom,73.28,85.16,72.75,Yes,No,Not Placed
Science,BCA,73.16,66.75,73.38,Yes,No,Not Placed
Science,BSc,73.16,71,70,Yes,No,Not Placed
Commerce,BBA,73,57,59.83,Yes,No,Not Placed
Commerce,BBA,73,57,59.8,No,No,Not Placed
Arts,BA,73,80,58,No,Yes,Not Placed
Commerce,BCom,73,82,76,No,No,Placed
Commerce,BCom,73,82,75,No,No,Placed
Commerce,BCom,73,85,71,No,No,Placed
Commerce,BCom,73,85,71.89,Yes,No,Not Placed
Science,BSc,72.33,76.83,64.74,No,No,Placed
Science,BSc,72.33,76.83,64.72,Yes,Yes,Not Placed
Science,BCA,72.16,64.5,76.6,Yes,Yes,Not Placed
Science,BSc,72,59,72,Yes,No,Not Placed
Commerce,BCom,72,69,60,No,No,Not Placed
Commerce,BCom,72,70,58,No,No,Not Placed
Commerce,BCom,72,74,60,No,No,Not Placed
Commerce,BCom,72,76,56,No,Yes,Placed
Commerce,BBA,72,78,65,No,No,Placed
Commerce,BCom,72,78,56.61,No,No,Not Placed
Commerce,BBA,72,80,58,Yes,No,Not Placed
Commerce,BBA,72,83,65,No,Yes,Not Placed
Commerce,BCom,72,84,69,Yes,No,Not Placed
Commerce,BCom,72,84.85,58.66,Yes,No,Not Placed
Arts,BA,72,87,60,Yes,No,Not Placed
Commerce,BCom,72,89,67,Yes,No,Not Placed
Science,BSc,71.84,56.33,56.33,Yes,Yes,Not Placed
Commerce,BCom,71.84,89.5,70,No,Yes,Placed
Commerce,BCom,71.68,77.16,54,Yes,No,Not Placed
Arts,BA,71.6,78,59,No,No,Not Placed
Commerce,BBA,71.52,60,55.34,No,No,Placed
Commerce,BCom,71.52,75.833,60.6,No,Yes,Placed
Commerce,BCom,71.5,85,69.55,No,Yes,Placed
Commerce,BCom,71.3,86.166,67.223,No,Yes,Placed
Commerce,BCom,71.04,79.33,58.91,No,No,Not Placed
Science,BCA,71.04,83.833,74,No,No,Placed
Science,BCA,71.04,83.833,74,No,No,Placed
Science,BCA,71.04,83.833,74,No,No,Placed
Science,BCA,71.04,83.833,74,No,No,Placed
Science,BCA,71.04,83.833,75,Yes,No,Not Placed
Science,BCA,71.04,83.833,74,Yes,No,Not Placed
Professional,BVoc,71,63,58,No,No,Not Placed
Commerce,BBA,71,85.2,61.16,No,No,Placed
Commerce,BCom,71,86.16,67.23,No,No,Placed
Commerce,BCom,70.56,69,57.75,No,No,Not Placed
Commerce,BCom,70.56,85.33,72.11,No,Yes,Placed
Commerce,BCom,70.3,89,68.61,No,Yes,Placed
Professional,BVC,70,60,58,No,Yes,Placed
Professional,BSW,70,60,65,No,No,Placed
Professional,BVC,70,60,70,No,No,Placed
Professional,BSW,70,60,70,Yes,Yes,Not Placed
Science,BSc,70,60,57.5,No,Yes,Not Placed
Arts,BA,70,62,58.5,No,No,Not Placed
Arts,BA,70,70,76.6,No,No,Placed
Arts,BA,70,70,65.067,Yes,No,Not Placed
Arts,BA,70,71,65,No,Yes,Placed
Professional,BSW,70,71,83,No,No,Placed
Commerce,BCom,70,75,58.5,No,No,Not Placed
Arts,BA,70,76,56,Yes,Yes,Not Placed
Arts,BA,70,78.5,72.43,No,Yes,Placed
Arts,BA,70,78.5,72.43,Yes,No,Not Placed
Commerce,BCom,70,81,62,No,No,Placed
Commerce,BBA,70,83,70,No,No,Placed
Commerce,BBA,70,83,71,Yes,No,Not Placed
Arts,BA,70,85.2,60,Yes,No,Not Placed
Arts,BA,70,85.2,60,No,No,Not Placed
Arts,BA,70,85.2,60,No,No,Not Placed
Commerce,BCom,69.5,67.67,62,No,No,Placed
Science,BCA,69.44,65.66,68.8125,No,Yes,Placed
Science,BCA,69.44,65.6667,68.8125,Yes,Yes,Not Placed
Science,BCA,69.44,65.6667,69.25,Yes,No,Not Placed
Arts,BA,69.29,61.66,63.76,No,Yes,Not Placed
Science,BSc,69.12,69,62.6,Yes,No,Not Placed
Science,BSc,69.12,69,58.77,No,No,Not Placed
Arts,BA,69.1,71.1,52.67,No,No,Not Placed
Professional,BVoc,69,58,60,No,Yes,Placed
Arts,BA,69,68.85,67.33,No,Yes,Placed
Professional,BVoc,69,71,65,No,No,Placed
Science,BCA,69,77,59,Yes,No,Not Placed
Science,BCA,69,77,59,No,No,Not Placed
Professional,BVoc,69,79,66,Yes,No,Not Placed
Commerce,BCom,69,86.78,72,No,No,Placed
Commerce,BCom,69,91.83,71.83,No,No,Placed
Commerce,BCom,69,91.83,71.83,No,No,Placed
Commerce,BCom,68.96,91.5,60.44,No,No,Placed
Arts,BA,68.85,69,72,No,Yes,Placed
Professional,BVoc,68.8,50.5,70,No,No,Placed
Arts,BA,68.8,69,72,No,No,Placed
Arts,BA,68.8,75.4,70,No,Yes,Placed
Arts,BA,68.8,75.4,65,No,No,Not Placed
Professional,BVoc,68.32,45.83,80,Yes,No,Not Placed
Professional,BVoc,68.32,45.83,68.61,Yes,No,Not Placed
Arts,BA,68.3,54.5,57,No,No,Not Placed
Commerce,BCom,68.18,65,61,No,No,Not Placed
Commerce,BCom,68,70,59.89,No,No,Not Placed
Commerce,BCom,68,73,65,No,No,Placed
Commerce,BCom,68,79,60,No,No,Not Placed
Commerce,BCom,68,89,63.55,No,No,Placed
Commerce,BCom,67.84,71,55.88,Yes,Yes,Not Placed
Commerce,BCom,67.83,72.83,60,No,Yes,Placed
Science,BSc,67.6,72.5,62.76,Yes,No,Not Placed
Commerce,BCom,67.16,91.5,77.45,Yes,No,Not Placed
Science,BSc,67,53,60,No,No,Placed
Science,BSc,67,53,65,Yes,No,Not Placed
Science,BCA,67,62,65,No,No,Not Placed
Professional,BVoc,67,64,65,No,Yes,Not Placed
Arts,BA,67,69,55,No,Yes,Placed
Arts,BA,67,69,56,No,Yes,Not Placed
Science,BSc,67,72.5,62.5,No,No,Placed
Commerce,BCom,67,78,62.55,Yes,No,Not Placed
Professional,BSW,66.72,79.5,80.78,No,No,Placed
Science,BCA,66.72,80.67,71,No,Yes,Placed
Science,BCA,66.72,80.67,70.93,No,Yes,Placed
Science,BCA,66.72,80.67,71,No,No,Placed
Commerce,BCom,66.5,83.83,60.25,No,Yes,Not Placed
Arts,BA,66,70,56,Yes,No,Not Placed
Professional,BVoc,66,72,82,No,Yes,Placed
Commerce,BBA,66,75.33,52.3,Yes,No,Not Placed
Commerce,BCom,65.92,66.5,60.63,No,No,Not Placed
Arts,BA,65.5,65.4,67.33,No,Yes,Placed
Arts,BA,65.5,65.4,67.33,No,No,Placed
Commerce,BCom,65.44,89.5,69.05,No,Yes,Placed
Arts,BA,65,55,59.9,Yes,No,Not Placed
Professional,BVoc,65,63,80,Yes,Yes,Not Placed
Commerce,BCom,65,63,62,No,Yes,Not Placed
Arts,BA,65,65.4,67,No,Yes,Placed
Science,BSc,65,67,57.33,No,Yes,Placed
Commerce,BBA,65,69,62,No,No,Not Placed
Commerce,BBA,65,69,57,No,No,Not Placed
Arts,BA,65,70,56,No,Yes,Placed
Commerce,BCom,65,77,72.88,Yes,No,Not Placed
Commerce,BBA,65,82.5,57.5,No,Yes,Placed
Commerce,BBA,65,82.5,58,No,No,Not Placed
Arts,BA,64.6,75.4,69.78,No,No,Placed
Science,BCA,64.5,72.5,78.73,No,Yes,Placed
Science,BCA,64.5,72.5,78,No,No,Placed
Commerce,BCom,64.48,82.33,70.67,No,No,Placed
Commerce,BCom,64.48,82.33,70.67,No,No,Placed
Commerce,BBA,64,75,63,No,Yes,Placed
Commerce,BBA,64,75,63,Yes,Yes,Not Placed
Commerce,BCom,64,92,70,No,No,Placed
Commerce,BCom,63.84,84.33,59,No,No,Not Placed
Arts,BA,63.66,74.33,61,No,No,Placed
Science,BSc,63.5,61.66,59.61,No,No,Not Placed
Arts,BA,63,60,66,No,Yes,Placed
Arts,BA,63,60,66,No,Yes,Placed
Arts,BA,63,60,66,Yes,Yes,Not Placed
Arts,BA,63,60,66,No,No,Not Placed
Arts,BA,63,68.4,66,No,No,Placed
Arts,BA,63,72,65,Yes,No,Not Placed
Commerce,BBA,63,74,63,No,No,Placed
Commerce,BCom,63,88,61,Yes,No,Not Placed
Commerce,BCom,63,88.33,66,No,Yes,Placed
Commerce,BCom,62.6,77,72.88,Yes,No,Not Placed
Commerce,BBA,62.2,58.16,52.92,Yes,No,Not Placed
Professional,BVoc,62,51,62,No,No,Not Placed
Professional,BVoc,62,53,55,Yes,No,Not Placed
Commerce,BBA,62,65,55.33,Yes,No,Not Placed
Professional,BVoc,62,69,57,No,No,Not Placed
Commerce,BCom,62,84.5,60,No,Yes,Not Placed
Commerce,BCom,61.5,79.5,58.11,No,Yes,Not Placed
Commerce,BCom,61.44,83.8,65.5,Yes,No,Not Placed
Commerce,BCom,61.44,83.83,65.5,No,Yes,Placed
Arts,BA,61,64,68,Yes,No,Not Placed
Professional,BVoc,61,70,54,No,Yes,Placed
Commerce,BCom,61,83.8,65.6,No,Yes,Placed
Commerce,BBA,61,89,65,Yes,No,Not Placed
Professional,BVoc,60.16,70.17,63.55,Yes,Yes,Not Placed
Arts,BA,60.16,72.8,63,No,Yes,Placed
Arts,BA,60.16,72.8,63,No,Yes,Not Placed
Commerce,BCom,60,67,60,No,No,Placed
Professional,BVoc,60,70,64,No,Yes,Not Placed
Professional,BSW,60,76,60,Yes,No,Not Placed
Commerce,BBA,60,88.6,63,No,No,Placed
Arts,BA,60,91,72,No,No,Placed
Arts,BA,60,91,71.3,No,No,Placed
Arts,BA,59.9,54,60,No,No,Not Placed
Commerce,BBA,59.84,62.33,53.5,No,No,Not Placed
Commerce,BBA,59.52,66.8,52.5,Yes,No,Not Placed
Commerce,BBA,59.52,66.83,52.5,No,No,Not Placed
Arts,BA,59.4,85.3,62.46,No,No,Placed
Commerce,BCom,59.36,73.66,72,Yes,No,Not Placed
Commerce,BCom,59.16,85,67.44,No,Yes,Placed
Commerce,BCom,59,85,67,No,No,Placed
Arts,BA,58,56,65,No,No,Placed
Professional,BSW,58,67.2,56.3,Yes,No,Not Placed
Professional,BSW,58,75.8,61,Yes,No,Not Placed
Commerce,BBA,58,78,60,No,Yes,Placed
Science,BSc,57,61.16,57.41,No,Yes,Not Placed
Arts,BA,57,76,54,Yes,Yes,Not Placed
Commerce,BCom,56.8,79.5,64.72,No,No,Placed
Professional,BSW,56.63,89.83,77.63,No,No,Placed
Arts,BA,56.48,55,60,No,Yes,Not Placed
Commerce,BCom,56.16,85,67.44,No,Yes,Placed
Arts,BA,56,50,58,No,Yes,Not Placed
Arts,BA,56,55.1,56.6,No,Yes,Not Placed
Commerce,BBA,56,77,69,No,No,Placed
Commerce,BCom,56,77,69,No,No,Placed
Professional,BVC,56,78,65,No,Yes,Placed
Professional,BVoc,55.84,63.33,52.57,Yes,No,Not Placed
Arts,BA,55.52,78,75,Yes,No,Not Placed
Commerce,BCom,55,85.8,64.1,No,No,Placed
Commerce,BBA,54.4,77,70,No,No,Placed
Arts,BA,54,54,53.6,No,Yes,Placed
Arts,BA,54,54,54,No,Yes,Not Placed
Professional,BSW,54,66.16,56,No,No,Not Placed
Professional,BVoc,53.2,61,70,Yes,Yes,Not Placed
Professional,BVoc,53,51,55,Yes,No,Not Placed
Commerce,BCom,53,84,65,Yes,No,Not Placed
Professional,BVoc,51,61,70,Yes,No,Not Placed
Arts,BA,50,55,75,No,No,Placed
